<window>
	<defaultcontrol>9000</defaultcontrol>
    <allowoverlays>false</allowoverlays>
	<controls>
     
        <control type="image" id="102">
            <description>bg</description>
            <posx>0</posx>
            <posy>0</posy>
            <width>1280</width>
            <height>720</height>
            <fadetime>500</fadetime>
            <!--texture>background1.jpg</texture-->
        </control>
  
        <control type="videowindow" id="101">	
            <description>video preview window</description>
            <posx>0</posx>
            <posy>0</posy>
            <width>1280</width>
            <height>720</height>
            <visible>true</visible>
        </control>
             
        <control type="image" id="103">
            <description>bg1</description>
            <posx>0</posx>
            <posy>0</posy>
            <width>1280</width>
            <height>720</height>
            <texture>background2.png</texture>            
        </control>
        
        <control type="image" id="105">
            <description>thumb</description>
            <posx>222</posx>
            <posy>153</posy>
            <width>298</width>
            <height>473</height>
            <aspectratio>keep</aspectratio>       
        </control>

        <control type="image" id="126">
            <description>rating</description>
            <posx>10</posx>
            <posy>638</posy>
            <width>180</width>
            <height>32</height>
            <aspectratio>keep</aspectratio>
        </control>
        
        <control type="image" id="118">
            <description>download_logo</description>
            <posx>549</posx>
            <posy>53</posy>
            <width>28</width>
            <height>28</height>
            <texture>icon_download.png</texture>
        </control>

        <control type="label" id="106">
            <description>urllbl</description>
            <posx>552</posx>
            <posy>158</posy>
            <width>580</width>
            <height>40</height>
            <label></label>
            <textcolor>FF6AA6CB</textcolor>
            <font>windowTitlePrufa</font>
        </control>
        
        <control type="label" id="119">
            <description>dt</description>
            <posx>1265</posx>
            <posy>0</posy>
            <width>450</width>
            <height>40</height>
            <label>clock</label>
            <textcolor>FFDDDDDD</textcolor>
			<font>windowTitleKlukka</font>
			<shadowcolor>black</shadowcolor>
			<align>right</align>
        </control>       
        
        <control type="label" id="107">
            <description>version</description>
            <posx>105</posx>
            <posy>100</posy>
            <width>350</width>
            <height>40</height>
            <label>version</label>
            <textcolor>FF779CB3</textcolor>
            <font>listiSmaller</font>
        </control>
 
        <control type="label" id="207">
            <description>version</description>
            <posx>450</posx>
            <posy>97</posy>
            <width>350</width>
            <height>40</height>
            <label>720p</label>
            <textcolor>FFFFFFFF</textcolor>
            <font>listiSmaller</font>
            <visible>false</visible>
        </control>
       
        <control type="label" id="108">
            <description>infotext</description>
            <posx>512</posx>
            <posy>635</posy>
            <width>450</width>
            <height>30</height>
            <label>Loading...</label>
            <textcolor>FFFFFFFF</textcolor>
			<font>windowTitlePrufa</font>
			<align>right</align>
        </control>
        
        <control type="label" id="109">
            <description>dlinfotext</description>
            <posx>580</posx>
            <posy>49</posy>
            <width>500</width>
            <height>30</height>
			<font>listi</font>
            <!--label></label-->
            <textcolor>FF6AA6CB</textcolor>
        </control>
        
        <control type="label" id="110">
            <description>loading</description>
            <posx>1017</posx>
            <posy>617</posy>
            <width>450</width>
            <height>30</height>
            <label>Please wait</label>
			<font>windowTitleLight</font>
			<align>right</align>
            <textcolor>FF6AA6CB</textcolor>
        </control>
                
        <control type="label" id="111">
            <description>listpos</description>
            <posx>550</posx>
            <posy>635</posy>
            <width>400</width>
            <height>30</height>
            <label>1 of 5</label>
			<font>windowTitlePrufa</font>
            <!--textcolor>FFFFFFFF</textcolor-->
            <textcolor>FF6AA6CB</textcolor>
        </control>
		
	<!--alvegilagi-->	
    <control type="scrollbar" id="60">
        <description>Scroll Bar list 1</description>
        <visible>false</visible>
        <posx>1154</posx>
        <posy>108</posy>
        <width>15</width>
        <height>514</height>
        <onleft>50</onleft>
        <!--onright>71</onright-->
  
        <texturesliderbackground>scrollbar_background01.png</texturesliderbackground>
        <texturesliderbar>scrollbar_bar1.png</texturesliderbar>
        <texturesliderbarfocus>scrollbar_bar_focus1.png</texturesliderbarfocus>
        <textureslidernib>-</textureslidernib>
        <textureslidernibfocus>-</textureslidernibfocus>
        <orientation>vertical</orientation>
        <visible>Control.IsVisible(112)</visible>      
    </control>
    
    <control type="scrollbar" id="61">
        <description>Scroll Bar list 2</description>
        <visible>false</visible>
        <posx>1154</posx>
        <posy>228</posy>
        <width>15</width>
        <height>384</height>
        <onleft>50</onleft>
        <!--onright>71</onright-->
  
        <texturesliderbackground>scrollbar_background01.png</texturesliderbackground>
        <texturesliderbar>scrollbar_bar1.png</texturesliderbar>
        <texturesliderbarfocus>scrollbar_bar_focus1.png</texturesliderbarfocus>
        <textureslidernib>-</textureslidernib>
        <textureslidernibfocus>-</textureslidernibfocus>
        <orientation>vertical</orientation>
        <visible>Control.IsVisible(120)</visible>
    </control>

    <control type="scrollbar" id="62">
        <description>Scroll Bar list 3</description>
        <visible>false</visible>
        <posx>1154</posx>
        <posy>228</posy>
        <width>15</width>
        <height>384</height>
        <onleft>50</onleft>
        <!--onright>71</onright-->
  
        <texturesliderbackground>scrollbar_background01.png</texturesliderbackground>
		<texturesliderbar>scrollbar_bar1.png</texturesliderbar>
        <texturesliderbarfocus>scrollbar_bar_focus1.png</texturesliderbarfocus>
        <textureslidernib>-</textureslidernib>
        <textureslidernibfocus>-</textureslidernibfocus>
        <orientation>vertical</orientation>
        <visible>Control.IsVisible(129)</visible>      
    </control>

    <control type="textbox" id="121">
        <description>Text box</description>
		<posx>580</posx>
		<posy>100</posy>
		<width>600</width>
		<height>0</height>
		<font>listiBig</font>
        <align>left</align>
        <autoscroll delay="3000" time="2000" repeat="10000">true</autoscroll>
		<textcolor>FFDDDDDD</textcolor>
        <visible>false</visible>
	</control>
    
    <control type="textbox" id="123">
        <description>Text box2</description>      
        <posx>555</posx>
        <posy>218</posy>
        <width>450</width>
        <height>380</height> 
		<font>listiBig</font>
        <align>left</align>
        <pagecontrol>124</pagecontrol>
        <autoscroll delay="3000" time="2000" repeat="10000">true</autoscroll>
		<textcolor>FFDDDDDD</textcolor>
	</control>  

        	<!--fyrstilisti-->
			<control type="list" id="112">
            <animation effect="slide" start="720" time="150">WindowOpen</animation>
		    <animation effect="slide" end="720" time="150">WindowClose</animation>
            <description>list1</description>
            <posx>550</posx>
            <posy>220</posy>
            <width>540</width>
            <height>400</height>
            <onup>112</onup>
			<ondown>112</ondown>            
            <pagecontrol>60</pagecontrol>
            <!--onleft>122</onleft-->
            <!--onRight>61</onRight-->
            <!--visible>!Control.HasFocus(123)</visible-->
	    <scrolltime>200</scrolltime>
		<itemlayout height="36">
			<control type="image">
				<posx>-5</posx>
				<posy>0</posy>
				<width>38</width>
				<height>32</height>
                <info>ListItem.Icon</info>
			</control>
			<control type="label">
				<posx>30</posx>
				<posy>-2</posy>
				<width>450</width>
				<height>32</height>
				<font>listi</font>
				<aligny>center</aligny>
                <selectedcolor>FF6AA6CB</selectedcolor>
                <textcolor>FFDDDDDD</textcolor>
                <align>left</align>
				<info>ListItem.Label</info>
			</control>
			<control type="label">
				<posx>495</posx>
				<posy>-2</posy>
				<width>450</width>
				<height>32</height>
				<font>listiSmall</font>
				<aligny>center</aligny>
                <selectedcolor>FF6AA6CB</selectedcolor>
                <textcolor>FF6AA6CB</textcolor>                 
				<align>right</align>
				<label>$INFO[ListItem.Label2]</label>
			</control>
		</itemlayout>
		<focusedlayout height="36">          
			<control type="image">
				<width>550</width>
				<height>32</height>
				<posx>0</posx>
				<posy>0</posy>
				<texture>list-focus01.png</texture> 
			</control>
			<control type="image">
				<posx>-5</posx>
				<posy>0</posy>
				<width>38</width>
				<height>32</height>
				<info>ListItem.Icon</info>
			</control>
			<control type="label">
				<posx>30</posx>
				<posy>-2</posy>
				<width>450</width>
				<height>32</height>
				<font>listi</font>
				<aligny>center</aligny>
                <selectedcolor>FF6AA6CB</selectedcolor>
                <textcolor>FFFFCC33</textcolor>
                <align>left</align>
				<info>ListItem.Label</info>
			</control>
			<control type="label">
				<posx>495</posx>
				<posy>-2</posy>
				<width>450</width>
				<height>32</height>
				<font>listiSmall</font>
				<aligny>center</aligny>
                <selectedcolor>FF6AA6CB</selectedcolor>
                <textcolor>FF6AA6CB</textcolor>
				<align>right</align>
				<label>$INFO[ListItem.Label2]</label>
			</control>
		</focusedlayout>
        </control>

        	<!--listi2-->
			<control type="list" id="120">
            <description>list2</description>
            <posx>550</posx>
            <posy>220</posy>
            <width>540</width>
            <height>400</height>  
            <onup>120</onup>
			<ondown>120</ondown>            
            <pagecontrol>61</pagecontrol>
            <!--onleft>122</onleft-->
            <!--visible>!Control.IsVisible(123)</visible-->
	    <scrolltime>200</scrolltime>
		<itemlayout height="36">
			<control type="image">
				<posx>-5</posx>
				<posy>0</posy>
				<width>38</width>
				<height>32</height>
                <info>ListItem.Icon</info>
			</control>
			<control type="label">
				<posx>30</posx>
				<posy>-2</posy>
				<width>460</width>
				<height>32</height>
				<font>listi</font>
				<aligny>center</aligny>
                <selectedcolor>FF6AA6CB</selectedcolor>
                <textcolor>FFDDDDDD</textcolor>
                <align>left</align>
				<info>ListItem.Label</info>
			</control>
			<control type="label">
				<posx>495</posx>
				<posy>-2</posy>
				<width>450</width>
				<height>32</height>
				<font>listiSmall</font>
				<aligny>center</aligny>
                <selectedcolor>FF6AA6CB</selectedcolor>
                <textcolor>FF6AA6CB</textcolor>                
				<align>right</align>
				<label>$INFO[ListItem.Label2]</label>
			</control>
		</itemlayout>
		<focusedlayout height="36">          
			<control type="image">
				<width>550</width>
				<height>32</height>
				<posx>0</posx>
				<posy>0</posy>
				<texture>list-focus01.png</texture>
			</control>
			<control type="image">
				<posx>-5</posx>
				<posy>0</posy>
				<width>38</width>
				<height>32</height>
				<info>ListItem.Icon</info>
			</control>
			<control type="label">
				<posx>30</posx>
				<posy>-2</posy>
				<width>460</width>
				<height>32</height>
				<font>listi</font>
				<aligny>center</aligny>
                <selectedcolor>FF6AA6CB</selectedcolor>
                <textcolor>FFFFCC33</textcolor>
                <align>left</align>
				<info>ListItem.Label</info>
			</control>
			<control type="label">
				<posx>495</posx>
				<posy>-2</posy>
				<width>450</width>
				<height>32</height>
				<font>listiSmall</font>
				<aligny>center</aligny>
                <selectedcolor>FF6AA6CB</selectedcolor>
                <textcolor>FF6AA6CB</textcolor>
				<align>right</align>
				<label>$INFO[ListItem.Label2]</label>
			</control>
		</focusedlayout>
        </control>

        <!-- Thumbs panel -->
        <control type="panel" id="129">
            <posx>272</posx>
            <posy>230</posy>
            <width>1100</width>
            <height>365</height>
            <onup>129</onup>
            <ondown>129</ondown>                 
            <onleft>122</onleft>
            <!--onright>127</onright-->
            <orientation>vertical</orientation>
            <pagecontrol>62</pagecontrol>
            <scrolltime>200</scrolltime>        
            <itemlayout height="180" width="230">
                <control type="image">
                    <posx>5</posx>
                    <posy>5</posy>
                    <width>220</width>
                    <height>140</height>
                    <aspectratio>keep</aspectratio>
                    <!--info>ListItem.property(custom:icon)</info-->
                    <info>ListItem.Thumb</info>
                </control>
                <control type="label">
                    <posx>115</posx>
                    <posy>135</posy>
                    <width>200</width>
                    <height>55</height>
                    <font>listiSmall</font>
                    <textcolor>ffdddddd</textcolor>
                    <selectedcolor>FF6AA6CB</selectedcolor>
                    <aligny>center</aligny>
                    <align>center</align>
                    <label>$INFO[ListItem.Label]</label>
                </control>
            </itemlayout>
            <focusedlayout height="220" width="230">   
                <control type="image">
                    <posx>0</posx>
                    <posy>0</posy>
                    <width>230</width>
                    <height>185</height>
                    <aspectratio>stretch</aspectratio>
                    <texture>panel-focus1.png</texture>
                </control>                
                <control type="image">
                    <posx>5</posx>
                    <posy>5</posy>
                    <width>220</width>
                    <height>140</height>
                    <aspectratio>keep</aspectratio>
                    <!--info>ListItem.property(custom:icon)</info-->
                    <info>ListItem.Thumb</info>
                </control>
                <control type="label">
                    <posx>115</posx>
                    <posy>135</posy>
                    <width>200</width>
                    <height>55</height>
                    <font>listi</font>
                    <!--textcolor>ffd58d10</textcolor-->
                    <textcolor>FFFFCC33</textcolor>                   
                    <selectedcolor>FFFFCC33</selectedcolor>
                    <aligny>center</aligny>
                    <align>center</align>
                    <scroll>true</scroll>
                    <label>$INFO[ListItem.Label]</label>
                </control>
            </focusedlayout>
        </control>

        	<!--vinstrimenu-->
			<control type="list" id="122">
            <description>list3</description>
            <animation effect="slide" start="-350" time="250" condition="Control.HasFocus(122)">Conditional</animation>
            <animation effect="slide" end="-350" time="250" condition="!Control.HasFocus(122)">Conditional</animation>             
            <posx>0</posx>
            <posy>160</posy>
            <width>220</width>
            <height>280</height>  
            <onup>122</onup>
            <ondown>122</ondown>          
            <!--pagecontrol>2050</pagecontrol-->
	    <scrolltime>200</scrolltime>
		<itemlayout height="40">
			<control type="image">
				<width>350</width>
				<height>40</height>
				<posx>0</posx>
				<posy>0</posy>
				<texture></texture>
			</control>        
			<control type="image">
				<posx>0</posx>
				<posy>0</posy>
				<width>32</width>
				<height>32</height>
                <info>ListItem.Icon</info>
			</control>
			<control type="label">
				<posx>47</posx>
				<posy>2</posy>
				<width>2000</width>
				<height>32</height>
				<font>listi</font>
				<aligny>center</aligny>
                <selectedcolor>FF6AA6CB</selectedcolor>
                <textcolor>FFDDDDDD</textcolor>
                <align>left</align>
				<info>ListItem.Label</info>
			</control>
		</itemlayout>
		<focusedlayout height="40">          
			<control type="image">
				<width>350</width>
				<height>40</height>
				<posx>0</posx>
				<posy>0</posy>
				<texture>list-focus02.png</texture>
			</control>
			<control type="image">
				<posx>0</posx>
				<posy>0</posy>
				<width>70</width>
				<height>40</height>
				<info>ListItem.Icon</info>
			</control>
			<control type="label">
				<posx>47</posx>
				<posy>2</posy>
				<width>450</width>
				<height>32</height>
				<font>listi</font>
				<aligny>center</aligny>
                <selectedcolor>FF6AA6CB</selectedcolor>
                <textcolor>FFDDDDDD</textcolor>
                <align>left</align>
				<info>ListItem.Label</info>
			</control>
		</focusedlayout>
    </control>

        	<!--haegrimenu-->
			<control type="list" id="127">
            <description>list4</description>
            <animation effect="slide" start="1630" time="250" condition="Control.HasFocus(127)">Conditional</animation>
            <animation effect="slide" end="1630" time="250" condition="!Control.HasFocus(127)">Conditional</animation>              
            <posx>1060</posx>
            <posy>520</posy>
            <width>220</width>
            <height>250</height>  
            <onup>127</onup>
            <ondown>127</ondown>          
            <!--pagecontrol>2050</pagecontrol-->
	    <scrolltime>200</scrolltime>
		<itemlayout height="40">
			<control type="image">
				<width>350</width>
				<height>40</height>
				<posx>0</posx>
				<posy>0</posy>
				<texture></texture>
			</control>        
			<control type="image">
				<posx>0</posx>
				<posy>0</posy>
				<width>32</width>
				<height>32</height>
                <info>ListItem.Icon</info>
			</control>
			<control type="label">
				<posx>14</posx>
				<posy>2</posy>
				<width>2000</width>
				<height>32</height>
				<font>listi</font>
				<aligny>center</aligny>
                <selectedcolor>FF6AA6CB</selectedcolor>
                <textcolor>FFDDDDDD</textcolor>
                <align>left</align>
				<info>ListItem.Label</info>
			</control>
		</itemlayout>
		<focusedlayout height="40">          
			<control type="image">
				<width>350</width>
				<height>40</height>
				<posx>-130</posx>
				<posy>0</posy>
				<texture>list-focus03.png</texture>
			</control>
			<control type="image">
				<posx>0</posx>
				<posy>0</posy>
				<width>70</width>
				<height>40</height>
				<info>ListItem.Icon</info>
			</control>
			<control type="label">
				<posx>14</posx>
				<posy>2</posy>
				<width>350</width>
				<height>32</height>
				<font>listi</font>
				<aligny>center</aligny>
                <selectedcolor>FF6AA6CB</selectedcolor>
                <textcolor>FFDDDDDD</textcolor>
                <align>left</align>
				<info>ListItem.Label</info>
			</control>
		</focusedlayout>
    </control>

    <control type="spincontrol" id="124">
        <description>Next page button</description>
		<posx>1100</posx>
		<posy>580</posy>
		<subtype>page</subtype>
		<font>listiSmall</font>
       	<textcolor>ffffffff</textcolor>
		<onleft>124</onleft>
		<onright>124</onright>
		<ondown>124</ondown>
		<onup>124</onup>
		<showonepage>true</showonepage>
        <textureup>default-scroll-up.png</textureup>
        <texturedown>default-scroll-down.png</texturedown>
        <textureupfocus>default-scroll-up-focus.png</textureupfocus>
        <texturedownfocus>default-scroll-down-focus.png</texturedownfocus>
        <!--animation effect="slide" time="300" start="600,0" end="0,0" acceleration="-1">WindowOpen</animation-->
        <!--animation effect="slide" time="200" start="0,0" end="600,0" acceleration="1.1">WindowClose</animation-->
		<visible>false</visible>
    </control>         

    <control type="button" id="125">
        <description>Left Button</description>
        <posx>0</posx>
        <posy>160</posy>
        <width>40</width>
        <height>280</height>
        <align>center</align>
        <aligny>center</aligny>
        <texturenofocus>icon_left.png</texturenofocus>
    </control>

    <control type="button" id="128">
        <description>dummy</description>
        <posx>270</posx>
        <posy>450</posy>
        <width>100</width>
        <height>32</height>
        <align>left</align>
        <aligny>center</aligny>
        <label></label>
        <ondown>124</ondown>
		<onright>127</onright>
        <texturenofocus></texturenofocus>
        <texturefocus></texturefocus> 
		<!--visible>Control.IsVisible(123)</visible-->              
    </control>

    <control type="button" id="130">
        <description>Right Button</description>
        <posx>1242</posx>
        <posy>520</posy>
        <width>40</width>
        <height>250</height>
        <align>center</align>
        <aligny>center</aligny>
        <texturenofocus>icon_right3.png</texturenofocus>
    </control>
     
    </controls>
</window>
