<?xml version="1.0" encoding="UTF-8" standalone="yes"?>
<addon id="script.apiportail-fr"
       name="aPiTV Portail"
       version="1.0"
       provider-name="aPiTV">
  <requires>
    <import addon="xbmc.python" version="1.0"/>
  </requires>
  <extension point="xbmc.python.script"
             library="default.py" />
  <extension point="xbmc.addon.metadata">
    <platform>all</platform>
    <minversion>28764</minversion>
    <summary lang="en">Media browser</summary>
    <description lang="en">Media browser</description>
  </extension>
</addon>
